category,rating,num_reviews,brand_tier,price
furniture,4.9,770,1,561.61
furniture,4.8,303,1,694.35
furniture,4.0,1332,3,2064.5
food,3.4,190,1,9.87
food,5.0,178,1,21.14
beauty,3.5,148,2,156.76
sports,3.4,640,2,392.32
books,3.1,608,3,62.48
beauty,2.7,581,2,246.7
appliances,2.8,2345,3,1904.96
electronics,4.9,783,2,459.99
appliances,4.5,110,1,814.27
food,3.3,277,1,9.31
phone,5.0,469,1,296.74
appliances,3.7,1357,3,2910.92
furniture,4.4,827,3,1791.71
appliances,2.9,550,2,1279.23
beauty,3.8,2798,3,343.82
phone,3.3,130,1,522.46
beauty,3.3,1100,3,338.65
clothing,3.3,331,1,79.75
phone,4.5,538,3,1126.3
clothing,2.8,43,1,67.72
sports,4.2,546,2,369.34
food,4.1,412,2,39.76
food,4.4,2504,3,57.15
books,5.0,13,1,20.05
phone,3.5,715,2,686.7
electronics,3.9,147,1,82.33
food,2.9,1770,2,27.96
toys,4.0,1155,3,140.76
clothing,4.0,48,1,30.09
phone,4.6,45,1,748.3
furniture,2.1,757,3,1841.85
electronics,4.0,946,2,541.31
electronics,3.1,803,3,697.16
appliances,3.5,954,3,2032.69
beauty,4.2,758,3,277.19
furniture,4.0,593,2,1061.33
books,4.5,1256,3,86.48
electronics,3.6,912,1,219.82
books,4.3,1666,2,37.4
electronics,3.7,980,2,455.44
beauty,3.8,2602,3,379.46
phone,4.7,1845,3,1410.18
appliances,4.5,987,3,2770.34
books,4.0,1839,2,37.0
sports,4.3,357,2,233.63
clothing,4.0,636,1,106.26
clothing,3.8,2353,2,127.04
clothing,3.9,451,1,19.93
appliances,3.1,3351,2,1657.73
phone,4.0,1135,3,1405.51
furniture,3.9,403,1,330.19
appliances,1.9,318,1,232.09
phone,3.8,268,1,528.32
furniture,3.9,250,2,980.27
furniture,2.9,610,2,1705.62
appliances,3.4,84,1,451.5
furniture,3.0,410,2,1456.44
beauty,4.0,46,1,100.62
sports,4.5,694,2,412.65
food,2.8,465,1,33.22
toys,4.8,721,2,142.13
books,5.0,1798,3,95.82
books,4.7,106,1,30.94
sports,2.9,358,2,359.72
toys,4.6,624,2,82.65
beauty,3.1,747,1,144.68
clothing,3.8,268,2,113.07
clothing,5.0,215,2,170.93
electronics,3.6,1064,3,962.76
toys,4.8,1964,2,95.61
electronics,2.5,95,1,329.69
sports,4.4,160,2,229.7
food,3.8,1489,2,44.38
beauty,3.4,209,2,255.97
beauty,4.4,121,1,84.63
toys,4.1,2165,3,192.01
clothing,3.7,309,1,94.85
clothing,5.0,2028,3,230.26
beauty,4.3,716,3,407.88
phone,5.0,202,1,413.48
electronics,4.3,963,1,322.69
sports,3.5,641,3,384.91
clothing,3.1,253,2,158.11
sports,4.5,20,1,125.26
furniture,4.2,178,2,1277.14
phone,4.0,1440,2,1033.87
electronics,2.3,707,2,627.92
appliances,4.4,217,1,782.44
books,4.5,872,2,38.14
books,4.5,322,1,9.82
phone,4.1,969,3,1443.01
sports,3.8,1204,2,400.32
beauty,4.3,557,3,390.98
clothing,4.4,1329,3,273.36
food,3.1,909,2,39.91
sports,4.0,394,1,129.47
electronics,4.1,19,1,235.9
clothing,4.5,231,1,102.01
appliances,4.5,1057,3,2964.81
toys,4.7,2287,3,138.86
clothing,4.3,134,2,199.48
sports,4.2,1103,3,386.17
appliances,2.9,20,1,1060.14
clothing,4.2,732,1,35.95
toys,5.0,279,2,133.85
sports,3.6,4018,3,588.6
books,5.0,13,1,15.42
books,3.9,160,2,65.78
sports,4.5,161,1,140.95
books,4.5,580,2,45.37
electronics,3.4,899,3,840.98
clothing,4.5,996,2,202.34
sports,3.4,607,2,195.46
beauty,3.8,549,3,343.55
furniture,4.0,2563,2,1079.16
books,3.4,3147,3,84.62
books,4.8,239,2,48.19
food,3.5,149,2,47.9
food,4.0,1027,3,73.58
phone,4.1,1102,3,1040.46
furniture,3.3,1344,3,1603.3
beauty,4.3,213,1,32.05
clothing,4.6,303,2,165.31
furniture,3.1,105,2,1127.95
beauty,4.3,174,1,40.32
furniture,2.5,161,1,411.88
electronics,3.9,257,1,57.6
electronics,3.8,120,1,193.24
sports,3.2,417,1,222.24
sports,4.3,163,1,86.87
clothing,3.6,1067,1,109.57
phone,4.0,264,1,296.18
clothing,3.2,2763,3,242.95
toys,5.0,704,2,75.52
toys,3.2,2294,1,37.09
food,4.3,648,1,6.32
beauty,4.6,973,2,244.37
appliances,3.8,1268,3,2688.07
appliances,3.4,30,1,1062.68
food,4.0,1378,2,45.42
electronics,3.4,972,3,631.34
sports,4.0,166,2,255.79
toys,4.4,648,3,157.81
food,3.6,249,1,14.63
toys,3.6,1756,3,197.02
appliances,4.6,935,2,1458.01
clothing,4.3,13,1,22.13
books,4.8,1523,2,75.49
food,3.4,16,1,34.53
books,4.7,638,3,69.45
electronics,3.7,970,3,955.29
beauty,3.7,1543,2,276.11
beauty,3.7,107,2,242.88
clothing,3.3,479,2,147.66
food,3.2,190,1,22.13
electronics,5.0,1921,3,843.98
toys,3.9,584,3,176.14
sports,4.3,231,1,76.15
sports,4.7,1643,3,472.43
sports,4.0,91,1,132.96
food,4.5,2649,3,63.07
beauty,5.0,942,2,165.69
sports,4.1,218,1,238.58
furniture,3.8,5337,3,2119.22
furniture,3.9,1101,3,2110.91
phone,3.9,1135,3,1449.71
food,3.5,2105,3,68.04
clothing,3.3,912,3,260.86
electronics,3.7,86,1,205.96
sports,4.7,2982,3,562.07
food,3.8,901,3,63.94
food,4.0,615,3,55.27
sports,3.8,59,1,68.03
electronics,4.2,1171,1,390.82
beauty,3.5,456,3,310.0
appliances,4.0,679,1,1177.4
clothing,4.6,1756,3,275.35
beauty,3.8,144,1,39.69
food,3.9,37,1,14.35
clothing,3.5,188,1,35.7
appliances,2.8,4396,3,2431.72
toys,3.9,498,2,133.28
sports,3.9,248,2,280.99
clothing,4.4,1764,3,211.15
toys,3.1,1103,3,145.76
sports,4.0,852,3,422.89
books,4.0,759,2,58.16
books,4.3,739,3,98.78
food,2.9,104,1,11.98
furniture,3.3,544,1,1002.3
appliances,3.0,856,2,1527.32
furniture,3.1,312,2,1698.01
sports,5.0,173,2,294.94
phone,4.2,17,1,219.43
books,4.5,191,1,27.11
toys,3.0,5578,3,141.05
clothing,3.6,178,1,61.46
clothing,3.6,1602,2,199.34
sports,3.6,233,2,399.14
furniture,4.1,150,2,1715.11
beauty,3.3,463,3,327.27
furniture,3.6,410,2,864.57
toys,4.3,1777,3,153.26
beauty,4.4,101,1,18.38
clothing,4.0,1751,3,282.59
beauty,4.7,421,1,113.92
phone,3.8,88,1,352.91
electronics,4.2,626,2,486.38
beauty,3.3,360,2,228.99
electronics,3.1,1011,3,907.62
food,3.7,858,1,24.32
electronics,4.1,688,2,728.65
toys,5.0,154,1,16.16
books,4.3,115,1,22.56
furniture,3.8,664,2,1099.62
clothing,3.4,537,3,245.74
food,4.4,1372,3,55.59
beauty,4.0,198,2,179.97
furniture,4.1,1066,2,1361.97
toys,3.0,276,1,78.31
appliances,3.3,81,1,1113.72
phone,3.0,179,1,637.41
sports,4.9,315,2,247.12
furniture,3.9,368,1,589.29
phone,3.8,785,3,1352.34
food,4.1,137,1,35.37
furniture,3.5,1250,3,2070.18
furniture,3.7,73,1,621.94
toys,5.0,1832,2,105.51
phone,4.3,1998,3,1525.65
sports,4.5,2027,2,439.74
toys,3.3,571,3,151.77
food,5.0,1818,2,58.26
toys,5.0,102,1,47.88
phone,5.0,323,1,439.96
toys,4.2,253,2,145.98
furniture,3.0,133,1,948.95
beauty,3.6,249,1,132.24
furniture,3.5,219,1,320.6
phone,4.1,568,3,1193.21
books,3.9,775,2,39.99
clothing,3.7,939,2,126.73
books,4.5,513,2,69.24
beauty,4.3,1141,2,166.39
sports,4.2,494,2,317.22
furniture,3.6,680,1,535.43
furniture,4.2,1729,3,1861.06
phone,5.0,531,2,1154.52
toys,3.7,344,1,53.42
furniture,4.0,270,1,344.93
food,4.6,1002,3,74.38
furniture,3.6,70,1,673.3
books,4.6,27,1,36.18
furniture,3.2,3078,3,1991.76
electronics,4.8,1645,3,741.75
food,4.7,69,1,17.72
electronics,3.9,105,1,99.99
beauty,3.4,652,1,124.98
electronics,3.5,327,2,621.12
furniture,3.8,272,2,943.7
toys,3.8,1391,2,83.38
clothing,3.7,108,2,185.85
sports,4.6,644,2,288.91
electronics,3.8,3804,3,817.78
electronics,3.9,507,3,968.56
books,3.7,92,1,29.06
books,3.8,29,1,26.11
clothing,3.3,629,2,203.24
toys,3.1,135,1,14.95
beauty,3.3,732,2,130.25
furniture,3.5,96,1,623.37
books,4.4,173,2,73.46
books,3.2,812,3,95.71
furniture,4.5,739,3,2292.13
furniture,3.4,869,3,2018.65
food,4.6,615,2,31.09
appliances,4.8,81,1,854.02
books,3.8,560,2,57.87
toys,3.6,1538,2,96.82
food,4.2,3325,3,77.63
beauty,4.4,1796,3,313.03
furniture,3.3,1924,2,1722.83
books,3.8,332,1,41.13
furniture,3.8,1590,3,1971.13
food,4.6,145,1,6.49
beauty,5.0,147,1,157.05
phone,3.6,342,2,662.29
furniture,4.1,266,2,1375.04
beauty,4.6,138,1,165.07
books,3.5,184,1,39.74
sports,4.1,767,2,401.13
sports,4.2,362,1,195.73
phone,3.8,910,3,1463.21
food,4.7,121,1,9.93
electronics,4.2,110,1,222.34
books,4.8,1347,3,100.3
phone,5.0,623,3,1230.17
furniture,3.9,625,2,1304.52
sports,4.5,1355,3,434.65
furniture,3.8,600,2,875.57
beauty,4.0,407,1,73.65
appliances,4.8,207,1,471.32
appliances,3.6,767,2,2107.51
toys,4.4,2902,2,91.09
furniture,4.6,26,1,138.04
toys,4.6,704,2,143.25
books,4.5,1836,3,80.69
electronics,4.1,326,2,445.19
sports,3.3,722,2,245.17
phone,3.9,778,2,987.8
books,4.7,297,1,43.72
sports,3.8,468,3,580.23
toys,4.0,4747,3,150.67
food,4.5,27,1,20.01
sports,3.3,1703,3,540.25
phone,5.0,203,1,244.24
clothing,3.4,2029,3,204.62
electronics,4.0,2808,3,690.77
phone,3.7,107,2,653.66
clothing,4.6,228,2,202.48
clothing,2.8,2079,3,256.04
clothing,2.5,382,2,149.96
clothing,3.8,496,3,267.74
electronics,3.3,295,2,393.26
beauty,3.6,589,1,36.55
appliances,3.9,1312,2,1576.34
books,4.8,3551,3,75.6
furniture,3.2,158,1,637.4
beauty,4.1,242,1,69.03
sports,4.0,502,2,231.4
toys,3.7,3696,3,198.6
sports,4.0,35,1,256.74
beauty,4.1,1013,3,277.53
electronics,3.7,1296,3,671.81
phone,4.4,1172,3,1327.39
phone,3.6,498,2,838.02
appliances,3.7,763,3,2939.73
books,4.8,39,1,21.02
appliances,3.7,216,2,1485.29
beauty,3.9,924,3,284.41
electronics,3.4,1633,3,976.24
books,4.6,349,1,27.78
beauty,3.4,3135,3,392.78
phone,4.8,1702,3,1267.23
food,3.3,857,3,77.23
food,3.9,41,1,33.33
furniture,3.9,31,1,776.1
electronics,3.9,148,2,568.25
toys,3.8,1650,3,154.67
beauty,4.0,150,1,75.33
books,5.0,1076,3,106.23
furniture,3.1,340,1,408.72
sports,4.6,180,2,321.02
phone,3.6,2840,3,1187.12
clothing,4.7,117,1,136.53
sports,4.7,1080,2,433.45
toys,4.1,153,2,90.24
phone,4.2,1384,3,1103.76
beauty,4.9,92,1,97.72
toys,3.6,155,2,79.23
electronics,3.6,376,1,317.59
books,3.1,2479,3,90.25
food,4.5,565,1,22.98
phone,4.7,33,1,217.28
beauty,3.0,14,1,71.74
clothing,3.6,673,2,215.01
beauty,3.7,634,3,332.53
beauty,4.4,299,2,264.12
clothing,3.7,68,1,48.86
food,3.7,460,1,24.41
phone,3.5,1024,3,1485.19
phone,4.3,231,2,1102.83
beauty,4.0,108,2,217.37
clothing,4.4,583,2,151.37
appliances,2.3,1589,1,1187.43
clothing,3.8,2243,3,294.33
food,4.7,1896,3,66.44
beauty,3.9,597,3,300.83
appliances,4.1,624,2,1407.29
sports,4.1,766,2,286.48
books,4.3,1747,2,58.67
phone,4.0,1672,3,1451.29
furniture,3.1,699,1,396.63
furniture,4.3,415,2,1248.09
electronics,4.4,1950,2,710.61
furniture,4.2,684,2,1001.94
books,3.8,120,1,14.75
beauty,4.5,964,3,320.75
beauty,3.1,565,2,137.79
appliances,3.4,1185,3,2955.85
furniture,4.7,115,1,765.63
phone,4.5,2650,3,1160.93
clothing,3.8,304,1,22.77
clothing,3.8,1169,2,138.85
phone,4.2,701,2,1140.02
food,2.9,441,2,36.43
furniture,4.2,112,1,642.58
clothing,4.0,296,2,136.78
books,3.4,345,1,9.04
appliances,3.0,498,2,1723.48
appliances,2.8,125,1,379.22
books,4.2,114,1,18.83
electronics,3.8,890,3,874.25
appliances,2.6,2140,3,1794.1
beauty,3.8,151,1,66.41
phone,3.2,119,2,659.06
furniture,3.1,48,1,1028.08
appliances,3.8,459,2,1111.21
furniture,4.0,764,2,976.1
books,3.3,688,2,53.93
phone,4.1,1314,3,1265.47
phone,4.5,2705,2,1070.42
appliances,4.9,86,1,1045.78
clothing,4.3,195,2,160.66
books,3.8,1038,2,46.6
electronics,4.3,136,1,210.7
furniture,4.4,1662,2,1075.39
food,4.8,649,1,28.11
toys,4.7,229,1,83.31
sports,4.2,18,1,110.39
phone,4.5,259,1,495.15
furniture,3.3,211,1,370.74
beauty,3.7,259,2,191.13
books,4.2,246,2,41.3
furniture,4.7,182,1,914.35
electronics,3.3,1088,3,934.96
furniture,4.2,217,2,1377.38
sports,3.4,22,1,148.22
toys,3.9,425,3,134.5
clothing,3.7,137,1,30.16
toys,4.0,358,2,130.31
beauty,3.5,157,2,223.59
electronics,5.0,207,2,384.21
furniture,4.2,164,1,144.23
electronics,4.2,540,1,68.02
toys,3.9,372,2,110.42
sports,4.5,797,1,239.93
food,5.0,621,2,51.93
phone,3.8,452,1,221.21
toys,4.2,755,1,11.23
furniture,3.7,234,2,1791.76
sports,5.0,618,3,618.65
clothing,3.7,257,2,123.34
sports,3.9,1856,3,557.24
food,4.1,967,3,79.59
electronics,4.4,894,1,188.75
beauty,4.5,246,1,159.55
phone,4.2,147,2,961.95
appliances,4.6,1297,3,2183.81
books,4.0,132,1,33.56
beauty,4.5,502,2,147.97
electronics,3.5,653,3,618.75
appliances,3.7,640,3,2259.08
toys,4.6,1332,3,187.4
books,4.2,120,1,36.91
beauty,3.6,229,2,175.22
furniture,5.0,682,2,1321.19
toys,3.9,491,3,172.17
furniture,4.0,553,1,461.4
beauty,3.3,590,2,247.24
electronics,4.4,2821,3,685.9
clothing,4.7,121,2,189.98
food,3.3,550,2,35.8
electronics,3.6,6109,3,934.13
sports,4.4,838,2,217.6
clothing,3.9,256,2,148.12
electronics,4.1,88,1,430.56
food,4.0,67,1,11.52
food,5.0,51,1,23.0
toys,4.7,237,1,49.99
beauty,3.4,757,2,184.01
appliances,3.9,360,1,434.89
appliances,4.0,210,2,1490.91
food,5.0,168,1,14.9
books,4.0,346,1,38.31
toys,3.7,180,1,24.42
beauty,3.4,3571,3,334.57
clothing,3.8,1952,2,187.42
clothing,3.8,895,2,110.4
beauty,3.9,1693,3,401.59
electronics,4.6,36,1,237.58
toys,4.1,82,1,81.62
food,3.7,1009,3,69.71
phone,2.1,29,1,192.16
phone,4.2,1526,3,1049.53
electronics,3.3,43,1,152.27
clothing,5.0,220,1,96.61
electronics,4.8,543,3,690.62
food,4.0,127,2,44.66
clothing,3.5,264,1,69.37
appliances,4.0,2721,2,1868.49
electronics,4.5,7527,3,1042.12
sports,5.0,1326,3,509.12
furniture,2.4,554,2,1023.1
food,3.3,3537,3,64.06
clothing,3.8,1920,3,227.77
beauty,4.7,1576,3,341.05
food,4.6,171,2,44.42
food,3.9,229,2,54.4
clothing,4.3,617,3,241.45
appliances,3.0,584,1,330.83
appliances,3.1,422,2,1588.88
food,4.5,616,2,47.85
electronics,3.2,407,2,337.2
food,4.6,376,1,31.77
toys,3.8,451,3,200.72
food,3.8,2375,3,61.73
beauty,2.9,237,1,118.24
sports,3.8,1111,3,579.23
furniture,3.1,684,2,1238.47
clothing,3.9,3692,3,235.29
phone,5.0,197,1,424.32
phone,3.3,1155,1,353.57
food,4.5,10,1,11.59
appliances,3.6,635,2,1196.14
books,4.2,237,1,14.39
beauty,4.2,95,1,109.59
books,5.0,288,2,64.12
food,4.3,306,2,46.91
phone,3.4,208,1,205.18
phone,4.2,183,1,582.41
phone,4.4,536,3,1540.28
toys,4.1,538,3,163.85
books,4.4,120,2,62.32
appliances,5.0,212,2,2221.56
furniture,4.5,76,1,992.8
books,4.8,202,1,42.11
furniture,4.3,1425,3,1649.94
sports,3.4,1023,3,408.61
toys,3.3,171,1,55.07
clothing,3.0,607,2,102.32
beauty,3.4,1331,3,352.2
furniture,3.5,1763,3,2127.63
phone,4.1,432,2,726.32
sports,3.8,508,3,471.65
food,5.0,832,1,10.31
beauty,4.7,1073,1,118.86
food,4.7,1822,3,64.09
appliances,3.7,1392,2,1782.59
books,4.6,158,1,33.94
furniture,4.0,2038,3,2025.18
books,4.2,458,3,92.76
beauty,3.9,614,1,65.41
furniture,3.7,595,2,1742.2
books,4.0,189,1,12.45
beauty,4.8,999,3,379.73
books,4.7,871,3,97.77
furniture,3.1,2936,3,2025.2
sports,3.4,93,1,235.76
beauty,3.4,1544,3,377.88
clothing,4.3,814,2,133.54
sports,4.6,439,1,64.7
phone,4.9,821,2,646.53
food,3.8,624,2,50.21
furniture,3.2,115,1,726.62
phone,4.2,320,1,412.58
food,4.4,3308,3,60.94
phone,3.7,730,2,1048.45
phone,3.3,184,2,1003.05
phone,4.2,957,2,708.54
appliances,4.6,211,2,2097.96
beauty,3.0,1800,3,373.55
food,4.1,1600,3,62.23
toys,5.0,483,3,151.04
toys,4.0,472,2,115.75
toys,3.3,20,1,12.35
toys,3.5,792,3,164.32
phone,3.8,141,1,336.16
food,5.0,407,2,34.04
toys,3.9,6844,3,151.79
books,3.8,699,1,22.77
phone,4.8,34,1,313.97
books,4.0,2286,2,55.57
food,3.4,453,1,14.66
sports,3.8,1051,3,534.23
beauty,4.8,1399,2,267.73
phone,3.1,388,2,724.93
books,3.6,508,2,51.19
food,3.3,185,2,32.08
sports,4.4,1477,3,502.44
beauty,2.8,345,1,120.64
books,3.6,1306,3,77.62
food,4.0,578,3,81.44
furniture,4.6,178,1,250.16
food,3.2,468,3,67.74
furniture,3.3,1987,2,1250.67
books,3.7,17,1,20.71
clothing,2.8,116,2,145.86
beauty,4.5,534,3,357.62
toys,3.9,95,1,42.27
toys,4.2,209,1,33.64
books,4.2,508,2,42.3
appliances,3.8,186,2,1316.65
electronics,4.0,1401,3,908.61
appliances,4.0,2026,3,2710.48
clothing,3.4,92,1,38.78
beauty,3.8,187,2,132.78
phone,3.7,67,1,698.76
toys,3.7,31,1,26.35
phone,4.1,1066,3,1111.26
sports,4.2,250,2,307.17
appliances,3.3,323,2,1672.05
toys,4.6,262,2,117.53
books,4.0,1018,3,99.46
toys,4.0,816,3,152.25
phone,4.1,1235,2,796.73
appliances,3.4,729,3,2935.78
books,4.5,318,2,45.91
beauty,5.0,854,2,224.03
clothing,3.4,1261,3,278.39
toys,4.1,1860,2,77.36
phone,4.6,3052,3,1446.03
phone,5.0,4431,3,1590.16
phone,4.4,553,2,733.16
books,3.7,64,1,11.09
books,3.8,1266,2,58.86
sports,4.5,1743,3,457.45
beauty,2.6,261,2,245.31
appliances,3.1,1567,3,1864.62
phone,4.9,409,3,1411.88
books,3.0,279,1,31.21
furniture,3.5,741,3,2461.66
toys,3.7,483,3,158.15
food,4.3,2474,3,82.34
electronics,4.3,987,3,764.3
phone,3.3,1999,3,989.37
clothing,4.0,280,2,184.28
phone,4.5,1381,1,645.21
electronics,3.4,350,2,670.46
toys,3.8,2599,3,200.33
books,4.9,1086,3,89.65
sports,4.3,278,2,349.24
clothing,4.0,871,3,216.0
phone,4.1,544,1,394.21
phone,3.6,211,1,536.58
furniture,4.3,122,1,228.81
phone,3.9,586,3,1472.11
food,4.1,841,2,47.25
toys,3.4,764,1,71.79
electronics,4.1,875,3,912.03
books,4.9,446,2,49.42
appliances,3.9,641,2,1686.48
furniture,3.1,174,2,1339.84
appliances,4.1,1073,3,2912.45
phone,3.4,1003,2,961.85
appliances,4.1,475,3,2685.48
clothing,5.0,1154,3,257.49
phone,4.4,272,2,788.59
phone,3.9,834,1,633.71
books,4.6,211,1,29.28
toys,3.5,1918,3,139.75
phone,4.3,95,1,734.71
electronics,3.4,1120,3,655.56
electronics,3.3,196,2,485.46
beauty,4.7,842,1,78.63
electronics,3.6,13,1,91.57
sports,2.7,483,1,237.03
clothing,4.0,4469,3,208.95
phone,3.3,647,3,1447.33
electronics,3.5,400,2,349.61
toys,4.4,151,1,72.23
sports,5.0,337,2,248.8
toys,4.5,13,1,76.04
clothing,3.1,425,2,188.03
clothing,4.3,203,1,51.19
sports,3.4,2482,3,500.48
books,3.8,840,2,68.26
food,4.0,442,3,75.6
books,3.4,548,1,33.08
sports,3.5,388,2,387.33
food,3.9,912,3,52.05
furniture,4.2,994,2,1384.95
books,4.4,196,2,50.61
sports,4.5,88,1,50.53
furniture,3.9,214,1,274.83
beauty,3.1,715,3,300.15
phone,4.4,234,1,505.33
appliances,4.1,169,2,1081.49
appliances,3.6,653,2,1151.41
sports,4.3,1839,3,531.7
clothing,3.9,613,2,123.39
appliances,2.7,1935,2,1230.0
food,3.6,482,2,55.92
clothing,2.9,2502,3,212.65
furniture,4.4,208,2,1565.45
sports,4.4,4321,3,592.38
clothing,4.1,25,1,93.48
beauty,3.3,489,1,58.93
sports,3.6,647,2,285.88
beauty,4.9,938,3,376.77
phone,3.6,13,1,370.66
beauty,4.7,326,2,239.35
beauty,3.5,301,1,112.71
furniture,2.9,126,1,622.74
books,5.0,139,2,72.92
sports,3.6,219,1,237.46
toys,4.7,780,3,191.25
clothing,3.9,2984,3,253.87
clothing,3.4,249,1,117.88
sports,4.5,230,1,175.2
furniture,4.5,417,1,1092.07
sports,4.3,46,1,217.95
furniture,4.4,342,1,877.4
appliances,4.0,35,1,450.1
sports,3.8,281,1,178.95
phone,4.7,132,1,212.1
phone,3.4,206,2,1043.72
furniture,3.6,1775,3,1972.89
electronics,3.8,1055,2,668.68
clothing,3.6,186,1,89.56
appliances,4.3,866,3,1983.13
appliances,3.6,1905,2,1922.79
books,4.2,655,3,76.37
furniture,3.8,2237,3,1998.48
beauty,4.0,1297,2,242.71
food,4.6,164,2,48.04
books,4.3,99,1,42.36
toys,3.7,209,2,68.55
toys,4.9,252,1,43.73
clothing,4.9,58,1,17.69
phone,3.9,1048,3,1352.67
electronics,4.6,152,1,168.19
books,4.2,629,1,23.77
toys,3.8,2291,3,189.51
food,3.9,120,2,39.02
clothing,4.5,1000,3,216.79
books,4.0,404,3,77.23
sports,4.2,676,3,472.66
appliances,3.7,430,3,2757.74
electronics,3.9,436,2,382.39
books,4.3,466,2,42.13
sports,4.9,211,1,82.27
sports,4.0,923,3,529.05
electronics,3.4,476,1,221.36
furniture,4.0,612,3,1699.36
books,4.1,131,1,34.81
food,4.6,411,3,63.45
electronics,4.4,198,1,188.09
beauty,3.8,87,1,103.65
food,3.8,308,2,46.42
sports,3.5,126,1,137.34
beauty,4.2,2136,3,317.97
appliances,3.9,927,2,2129.4
beauty,2.4,30,1,141.0
sports,3.9,80,1,35.53
appliances,4.5,1026,3,2890.33
electronics,4.1,1186,2,517.57
food,4.6,1780,2,51.97
appliances,5.0,658,1,430.87
sports,3.6,183,1,223.86
phone,3.9,337,2,669.84
sports,3.8,614,3,455.02
toys,3.7,2457,3,154.72
books,4.2,860,2,42.79
appliances,5.0,1618,2,1869.15
clothing,3.5,197,2,189.72
toys,3.9,1464,3,156.0
furniture,4.3,1346,2,1433.13
furniture,3.5,195,1,883.79
toys,3.7,503,3,184.23
food,5.0,56,1,5.9
appliances,4.0,565,1,719.99
electronics,4.7,662,1,186.48
phone,3.4,100,2,783.53
appliances,4.4,2006,3,2122.42
electronics,3.1,146,2,553.8
furniture,3.8,768,1,404.25
phone,4.3,272,1,572.02
electronics,4.1,636,3,829.32
electronics,3.7,413,1,219.08
food,2.8,138,2,52.75
books,4.7,222,1,11.2
books,4.3,1365,3,87.76
furniture,3.7,469,2,1432.14
sports,3.0,85,1,151.09
phone,3.8,42,1,222.69
books,3.3,106,1,17.92
beauty,4.3,1286,3,343.51
sports,3.8,720,1,237.21
electronics,4.7,1183,2,582.91
furniture,4.1,421,3,2549.01
clothing,2.5,401,2,141.41
phone,3.6,79,1,372.06
food,4.8,549,2,39.65
furniture,3.9,195,1,213.71
sports,4.1,3393,3,552.45
furniture,3.3,146,2,1194.71
books,4.2,228,2,69.91
clothing,3.8,532,3,188.96
clothing,3.2,344,1,118.07
toys,4.0,451,3,157.92
books,3.9,316,2,63.5
phone,3.7,616,3,1265.13
electronics,4.5,407,3,736.76
beauty,3.7,242,1,25.34
sports,2.4,1248,2,320.44
clothing,3.1,712,2,204.83
electronics,5.0,130,1,450.62
electronics,4.3,315,1,157.82
appliances,3.4,421,2,1243.67
electronics,3.6,259,1,121.73
sports,3.8,3034,3,483.8
phone,3.2,420,2,877.25
books,3.7,688,3,85.09
sports,3.1,1834,3,513.81
beauty,4.5,277,2,157.97
appliances,3.4,117,1,827.27
books,4.4,1292,2,48.48
toys,3.5,458,2,84.35
clothing,3.8,1944,2,150.13
toys,4.1,1033,2,80.18
furniture,4.0,1908,3,2467.26
appliances,4.0,55,1,710.52
food,4.9,1284,2,36.35
beauty,5.0,58,1,53.24
sports,3.9,657,2,343.72
books,5.0,56,1,35.75
food,4.7,118,2,53.46
clothing,2.2,2565,3,239.93
furniture,3.9,250,1,488.36
sports,4.9,402,1,137.64
books,4.8,827,2,68.69
phone,4.9,1262,3,1500.99
electronics,4.4,2076,3,712.4
sports,3.9,2523,3,505.89
clothing,3.8,1273,3,285.87
food,3.6,1968,3,61.39
books,4.8,561,3,76.51
food,5.0,114,1,11.68
toys,3.9,95,1,26.19
furniture,4.2,1174,3,2104.85
food,4.4,1940,3,63.97
appliances,3.0,628,2,1538.18
toys,4.5,1070,2,122.12
food,3.6,869,3,78.19
furniture,2.8,1029,3,2127.24
phone,3.8,2644,3,1182.9
clothing,4.3,3449,3,215.17
sports,3.1,1074,2,298.48
furniture,3.8,384,2,1511.2
books,5.0,3170,3,80.61
food,3.2,643,3,72.24
electronics,3.9,668,3,939.05
electronics,3.6,959,3,906.56
phone,4.4,178,1,292.59
furniture,4.1,490,2,1584.82
clothing,3.5,749,2,150.57
furniture,4.6,334,2,1662.95
clothing,3.5,294,1,80.85
sports,3.2,1887,3,383.36
phone,3.7,4629,3,1503.84
appliances,4.1,1013,3,2342.98
food,4.0,313,1,10.62
phone,3.2,1504,3,1048.66
sports,3.4,208,1,217.86
electronics,5.0,29,1,228.35
sports,4.0,519,3,519.75
books,3.6,29,1,19.51
books,3.6,1247,3,85.14
beauty,4.1,177,1,96.57
food,3.8,1173,2,38.33
books,4.3,735,1,28.14
sports,3.1,1169,2,362.24
sports,5.0,1026,3,527.94
toys,4.3,524,2,125.73
furniture,3.3,1032,2,1462.68
sports,3.8,3997,3,474.47
food,3.9,582,1,28.77
electronics,4.3,1329,2,426.6
electronics,3.5,671,3,735.0
appliances,3.9,347,1,181.74
appliances,3.4,2158,3,2010.99
phone,3.9,1396,2,883.03
beauty,3.9,161,1,120.67
appliances,3.9,455,1,642.95
books,3.6,164,2,50.08
appliances,4.6,2946,3,3141.59
food,4.6,1255,3,75.44
beauty,3.8,127,2,217.15
toys,4.0,1403,3,189.98
electronics,3.8,215,1,405.49
furniture,3.6,991,3,2192.65
food,4.3,1772,2,59.42
phone,4.3,947,2,761.37
appliances,4.7,800,3,2762.32
food,4.8,2688,3,73.16
books,3.8,912,3,87.27
books,5.0,1558,3,101.45
food,5.0,56,1,17.22
phone,3.0,4988,3,1088.92
books,4.6,1161,3,100.74
books,3.9,3198,3,65.94
clothing,3.9,191,1,21.0
sports,3.5,1562,3,552.37
appliances,4.2,3044,3,2477.66
clothing,3.9,799,2,216.35
furniture,4.4,261,2,1025.96
books,3.6,93,1,35.52
toys,3.8,489,2,96.94
appliances,3.1,158,1,844.84
appliances,3.5,579,3,2969.01
toys,4.5,573,3,191.42
electronics,4.0,250,1,363.78
furniture,4.1,1583,3,2362.02
clothing,4.0,535,1,98.87
sports,2.8,1256,2,294.8
phone,4.1,681,2,650.13
phone,5.0,626,2,884.99
sports,3.9,703,3,448.64
sports,3.3,1566,3,499.77
food,4.5,890,1,7.16
appliances,3.8,197,1,198.45
furniture,3.2,1148,2,1275.51
electronics,3.2,1285,2,397.49
furniture,3.1,609,3,1709.76
phone,4.7,110,1,307.61
beauty,4.3,240,2,232.54
food,4.4,531,3,53.26
sports,3.7,155,2,394.09
phone,4.2,112,1,321.46
phone,4.1,1390,3,1297.46
beauty,3.0,103,2,129.15
phone,4.6,1708,3,1320.96
sports,3.6,1113,2,294.18
food,4.6,35,1,36.23
sports,5.0,287,1,111.89
phone,4.1,354,1,672.11
sports,4.8,949,2,253.59
food,3.4,111,1,8.22
food,4.9,1532,3,59.27
food,4.4,1348,3,78.43
electronics,4.5,393,1,50.77
appliances,3.5,264,2,1623.95
food,4.5,714,2,40.86
clothing,4.1,222,2,192.76
clothing,4.3,59,1,26.4
beauty,3.4,82,1,54.18
sports,3.3,1698,2,319.39
electronics,4.3,178,1,215.2
electronics,3.8,1163,1,257.9
food,4.1,121,2,46.56
phone,3.8,1649,2,604.43
toys,4.1,1434,3,203.01
clothing,3.4,100,2,107.52
electronics,3.5,455,3,931.9
books,4.5,361,2,69.11
phone,4.5,565,2,785.65
food,3.7,1839,2,46.53
food,4.0,888,2,48.99
appliances,4.6,454,3,3112.28
sports,4.0,1062,3,446.14
food,4.9,486,2,50.13
food,4.2,515,2,48.06
books,3.9,275,2,59.4
appliances,3.4,1130,3,1894.72
clothing,2.5,586,2,173.54
beauty,3.9,746,3,273.88
phone,4.2,251,2,1145.78
phone,3.7,210,2,1010.16
phone,3.4,881,3,1266.68
books,4.9,1247,2,53.3
appliances,3.7,678,3,2960.0
appliances,3.5,1833,3,1917.95
sports,3.8,453,1,233.71
clothing,3.9,39,1,66.5
toys,3.5,118,2,69.76
beauty,3.3,4063,3,329.76
beauty,3.4,1905,3,299.67
appliances,2.9,255,2,1087.46
appliances,3.3,486,3,2323.26
books,4.5,20,1,45.69
electronics,3.4,57,1,257.52
clothing,4.1,364,2,194.43
clothing,2.6,834,1,56.86
phone,4.9,137,1,584.44
phone,4.3,819,2,815.28
furniture,4.5,491,2,1059.61
furniture,3.2,401,3,2399.87
food,4.5,319,2,35.07
sports,3.4,486,2,209.04
toys,3.4,132,2,88.81
furniture,3.4,139,1,370.8
toys,3.9,431,3,195.14
appliances,3.7,206,2,1645.2
phone,4.2,259,1,722.35
toys,5.0,536,1,47.51
electronics,3.1,42,1,181.24
food,3.6,10,1,31.33
sports,4.4,451,2,260.64
phone,3.5,659,3,1417.44
sports,3.4,624,3,495.86
clothing,4.4,1008,3,290.95
appliances,3.9,490,1,970.39
beauty,4.3,1295,3,294.79
furniture,4.8,601,3,1851.27
food,5.0,276,2,52.09
beauty,3.6,505,2,266.45
toys,3.9,521,3,152.46
appliances,2.9,524,2,1785.11
clothing,3.5,699,2,144.1
toys,3.7,494,2,131.85
furniture,5.0,1683,3,2484.83
appliances,3.8,1619,3,1962.89
furniture,4.0,2621,3,2155.67
phone,3.2,379,2,622.24
sports,3.2,4288,3,525.88
clothing,3.6,930,2,150.95
phone,3.8,280,2,855.77
toys,3.8,164,1,43.58
toys,4.3,98,1,59.03
food,4.1,264,2,42.74
books,4.4,284,2,38.62
clothing,3.1,1113,2,112.82
books,4.0,151,1,35.57
phone,2.6,644,2,710.13
books,4.7,401,2,65.73
toys,3.9,711,1,60.68
furniture,4.7,1340,3,2227.51
beauty,2.8,590,3,340.61
books,3.7,377,1,40.27
appliances,4.0,733,1,930.19
food,2.8,1210,3,53.76
food,3.9,357,2,50.02
appliances,3.4,355,1,350.97
clothing,3.4,269,2,101.99
appliances,4.3,811,2,1299.31
toys,5.0,797,2,120.75
phone,3.4,1406,3,1230.33
clothing,2.7,266,1,34.21
clothing,2.6,164,1,65.43
beauty,5.0,2959,3,399.58
appliances,4.7,20,1,1058.04
beauty,4.5,1199,3,308.25
clothing,3.5,1138,2,113.57
furniture,3.0,2566,3,2100.11
electronics,3.5,33,1,168.84
clothing,3.7,47,1,45.97
sports,4.0,49,1,200.45
beauty,3.6,247,2,252.74
furniture,4.2,886,3,2173.29
furniture,3.3,123,2,1282.48
electronics,4.0,48,1,213.04
furniture,3.1,170,2,1010.53
furniture,4.0,159,1,778.68
appliances,3.8,1330,3,2464.55
toys,4.0,248,1,51.4
appliances,4.4,385,2,1512.23
phone,3.3,987,3,1200.3
appliances,3.9,1062,1,561.67
food,3.5,26,1,31.15
furniture,4.0,1974,3,1890.92
phone,3.3,317,1,234.21
food,4.1,948,2,45.22
food,4.5,5528,3,60.51
books,3.9,1084,2,64.47
clothing,5.0,1141,2,166.8
phone,3.9,494,2,770.81
furniture,4.2,159,1,520.15
food,4.7,145,2,29.36
beauty,2.5,1053,2,201.07
appliances,4.3,699,1,388.54
electronics,4.0,367,2,391.03
sports,5.0,573,3,573.05
appliances,4.1,872,3,3070.65
furniture,3.7,675,3,1655.09
books,4.6,542,2,42.82
beauty,3.8,235,2,178.19
clothing,2.9,924,2,165.63
books,4.8,2884,3,86.94
clothing,3.3,424,1,24.85
furniture,2.7,986,3,1557.39
food,4.3,704,2,44.8
books,5.0,438,1,43.43
toys,4.3,221,2,116.62
sports,4.1,228,1,146.76
sports,3.4,164,2,401.31
appliances,3.8,258,1,455.78
furniture,4.3,1026,3,2042.22
phone,3.1,137,2,648.9
appliances,4.7,129,2,1469.58
appliances,3.3,812,2,1888.86
phone,4.4,4132,3,1516.86
clothing,3.4,2269,3,265.87
electronics,4.4,267,1,205.05
sports,3.1,1215,3,518.43
books,4.2,80,1,31.2
books,4.3,568,3,88.02
appliances,3.8,252,1,233.37
books,3.7,67,1,20.55
sports,4.8,551,2,301.02
clothing,3.2,1118,3,184.67
sports,4.0,550,2,366.4
electronics,4.8,1277,2,734.82
electronics,3.3,537,1,55.06
beauty,4.1,421,1,119.63
toys,4.2,179,2,75.52
phone,3.7,456,2,647.16
furniture,2.9,2623,3,2288.21
toys,4.3,891,2,118.3
appliances,3.8,1709,2,2116.08
furniture,3.8,2866,3,1807.35
beauty,4.0,642,2,264.59
clothing,4.6,17,1,59.48
sports,4.2,1233,2,241.42
toys,4.4,834,2,81.65
books,3.8,2006,3,81.14
clothing,4.4,1081,1,84.76
books,3.4,341,1,26.08
sports,4.7,14,1,170.86
sports,3.6,249,2,336.94
books,4.6,435,1,18.13
electronics,3.6,823,2,696.93
electronics,3.5,1884,3,786.84
toys,4.0,243,1,36.03
sports,3.1,1256,3,390.25
food,3.6,460,3,76.1
food,4.0,67,1,22.81
electronics,3.7,938,3,677.88
appliances,3.4,128,2,1994.94
electronics,3.6,869,2,386.07
sports,4.4,725,3,523.42
appliances,3.5,666,3,2894.52
electronics,3.9,521,3,963.93
food,4.3,563,2,56.0
phone,3.9,597,3,1403.78
clothing,4.2,1098,2,180.51
electronics,5.0,533,1,200.3
beauty,4.6,70,1,90.49
sports,4.0,4285,3,489.82
clothing,3.4,2996,3,293.38
toys,3.3,1898,2,118.92
beauty,3.2,178,2,134.28
beauty,4.0,110,2,270.59
phone,4.2,1675,1,719.93
clothing,4.7,738,2,162.67
beauty,4.0,203,2,193.89
clothing,3.2,1815,2,137.39
toys,4.3,653,2,85.0
clothing,3.2,662,3,294.33
toys,4.5,1162,3,164.91
electronics,3.7,309,2,631.4
furniture,3.6,519,3,1679.8
clothing,4.2,2288,3,243.93
furniture,3.6,1266,3,2369.76
books,3.7,1631,3,70.37
furniture,3.6,493,3,2276.68
sports,3.2,1015,3,440.87
sports,5.0,605,2,408.67
food,4.1,695,2,52.67
phone,3.4,23,1,666.42
books,4.6,738,1,36.66
sports,3.3,569,2,419.96
toys,4.7,2726,3,155.96
beauty,3.9,411,2,188.6
furniture,2.7,1583,3,1488.99
electronics,4.5,453,1,381.27
toys,4.6,601,2,133.23
electronics,4.4,653,3,1011.14
phone,4.0,758,3,1059.25
electronics,5.0,257,2,582.03
sports,3.2,422,1,78.45
phone,2.9,1305,3,1286.99
toys,4.6,117,1,90.29
clothing,4.7,1949,3,300.21
appliances,3.9,214,2,1283.89
beauty,4.7,65,1,171.18
books,4.2,44,1,14.95
electronics,4.2,3394,3,738.95
sports,3.2,211,1,59.87
appliances,3.3,178,1,887.94
beauty,4.2,619,2,154.05
clothing,4.2,1093,2,211.16
clothing,3.3,429,1,124.77
books,3.2,17,1,24.19
books,3.6,273,1,38.2
books,4.3,1701,3,86.84
electronics,3.0,90,1,337.13
toys,4.0,383,2,126.58
appliances,4.1,1131,3,1949.39
phone,3.9,66,1,498.72
books,4.7,71,1,16.52
toys,2.8,610,2,137.76
electronics,4.6,1275,2,349.15
food,4.2,256,1,32.44
books,3.9,1590,3,73.01
electronics,4.8,1637,2,446.21
electronics,3.9,565,2,396.81
phone,3.5,3811,3,1311.79
books,4.2,491,1,46.3
clothing,4.2,555,1,83.48
clothing,3.3,265,1,60.86
toys,3.5,488,2,74.82
food,5.0,104,2,31.34
food,4.0,15,1,9.92
furniture,3.0,1012,2,1512.89
beauty,4.4,2192,3,307.82
appliances,3.7,32,1,861.2
appliances,3.9,3812,3,2563.04
clothing,2.9,653,1,58.01
sports,4.4,632,2,351.81
food,4.3,324,1,32.72
beauty,3.8,1008,3,391.7
toys,3.7,790,1,19.34
furniture,3.2,19,1,359.1
books,3.7,809,2,51.79
phone,4.5,546,3,1067.9
sports,3.9,2692,3,558.72
clothing,3.4,102,1,88.41
toys,3.4,25,1,46.96
food,4.2,129,1,21.56
appliances,3.6,117,2,1076.78
sports,4.6,842,2,385.06
electronics,4.4,532,3,921.99
sports,4.2,856,2,394.22
furniture,4.0,6064,3,1711.1
sports,4.0,429,1,175.11
clothing,4.2,606,2,187.04
furniture,4.1,173,2,1159.07
furniture,3.7,118,2,1091.27
electronics,2.1,30,1,130.71
toys,3.6,4077,3,133.08
books,4.5,124,1,25.87
furniture,3.3,202,2,1460.11
appliances,3.4,127,2,1091.79
furniture,4.1,1684,3,1720.19
electronics,3.3,623,3,611.5
toys,4.1,332,2,76.04
beauty,4.9,949,3,378.77
clothing,2.9,2023,3,257.45
food,4.4,642,2,44.73
beauty,3.3,11,1,95.65
appliances,3.7,867,1,562.27
clothing,4.2,580,3,239.52
phone,5.0,1243,3,1353.53
clothing,3.8,114,2,131.35
phone,4.4,100,1,261.23
toys,3.9,741,3,147.63
toys,5.0,688,2,126.46
clothing,4.4,769,3,242.99
sports,3.6,1191,3,570.29
books,4.3,1213,3,86.87
phone,4.4,366,2,1136.36
electronics,3.6,6483,3,972.58
books,4.1,735,1,38.74
clothing,3.5,3305,3,251.27
toys,3.5,467,1,66.63
clothing,3.9,25,1,39.65
toys,5.0,577,3,153.3
furniture,4.1,657,3,1803.73
phone,4.1,2003,3,1434.66
clothing,4.2,364,2,194.54
phone,5.0,587,1,286.98
electronics,3.6,284,2,684.41
phone,4.0,963,3,1155.22
electronics,4.4,182,1,416.81
clothing,3.7,616,1,55.35
sports,3.2,976,2,280.04
food,4.7,2774,2,60.44
phone,3.8,152,1,459.38
phone,3.4,506,2,690.8
books,3.5,845,2,55.34
beauty,4.0,933,2,161.07
sports,2.7,119,2,376.07
sports,3.9,420,1,106.35
toys,4.6,498,1,76.67
beauty,4.1,712,2,130.95
phone,3.5,2444,2,801.42
beauty,3.2,245,1,134.41
clothing,3.9,1457,3,281.35
appliances,3.3,153,1,316.24
clothing,4.4,20,1,23.19
toys,3.9,545,3,191.15
books,3.8,181,1,31.33
toys,5.0,330,2,83.26
toys,4.3,110,2,104.91
toys,3.9,230,2,140.13
beauty,4.3,533,3,262.16
clothing,4.1,428,2,191.86
toys,4.5,911,2,73.55
sports,4.6,4381,3,624.83
food,4.9,969,3,72.43
appliances,4.9,219,1,684.6
clothing,3.5,436,1,105.56
food,3.9,2310,3,79.13
books,4.3,25,1,23.69
appliances,3.8,1264,3,2093.22
clothing,4.0,600,2,154.31
phone,3.9,54,1,591.54
books,3.6,919,1,25.41
furniture,3.2,578,3,2434.66
beauty,5.0,183,2,155.24
furniture,5.0,926,3,1854.18
furniture,3.5,437,1,448.58
books,3.9,244,2,55.81
electronics,3.3,762,2,628.68
toys,3.7,14,1,27.61
sports,3.6,429,3,450.39
toys,4.2,131,1,17.71
phone,3.3,137,1,305.77
clothing,3.3,195,2,138.95
toys,5.0,73,1,75.77
toys,3.4,27,1,11.04
food,4.6,542,1,16.47
books,4.2,224,2,66.45
toys,4.2,1666,2,133.5
electronics,3.5,139,2,405.3
clothing,4.6,158,1,130.83
beauty,4.5,91,1,122.51
food,4.4,1290,2,43.77
furniture,4.8,215,1,1121.92
electronics,3.7,1064,3,690.4
sports,3.0,215,1,47.96
sports,3.8,3994,3,575.99
appliances,3.6,1262,3,2754.79
phone,3.8,71,1,235.18
sports,5.0,736,3,580.1
furniture,4.1,4010,3,1721.74
phone,3.6,677,3,1031.84
phone,4.0,139,1,642.5
phone,3.1,449,3,1242.41
phone,4.2,570,3,1198.76
phone,4.6,502,3,1400.7
sports,3.9,13,1,169.46
phone,4.8,555,2,823.63
beauty,4.1,79,1,24.0
sports,4.5,533,2,383.75
clothing,4.0,312,2,155.38
clothing,3.5,144,1,102.13
toys,3.9,1002,3,176.88
appliances,3.3,1058,2,1377.46
electronics,4.7,83,1,132.94
sports,4.3,3021,3,438.37
appliances,3.3,32,1,502.62
appliances,3.1,578,2,1816.44
books,5.0,141,1,48.15
food,4.0,357,1,26.72
furniture,3.7,2400,3,1888.55
clothing,4.3,443,2,134.9
books,4.8,473,3,80.54
toys,5.0,723,2,149.42
food,3.9,36,1,15.39
food,5.0,510,2,59.0
toys,4.0,244,1,13.34
appliances,4.0,854,2,1209.49
appliances,3.5,136,2,1664.74
appliances,3.2,1170,3,2175.52
phone,4.2,679,1,324.97
sports,4.0,12,1,143.44
furniture,4.8,525,3,2313.93
clothing,3.8,237,2,191.82
beauty,4.0,90,1,90.09
appliances,4.1,1322,3,2733.25
books,4.1,152,2,38.2
books,3.7,798,2,57.11
phone,3.3,963,3,1306.94
books,4.3,728,2,48.78
food,4.8,379,2,31.92
electronics,4.2,152,2,659.23
phone,4.6,1104,3,1453.63
phone,3.7,370,1,573.16
appliances,3.5,1548,3,2868.74
appliances,4.0,610,1,661.18
food,4.0,518,3,73.59
sports,4.6,614,3,520.29
appliances,3.4,525,2,1113.76
furniture,3.4,475,2,1621.04
toys,4.0,288,2,128.26
sports,4.2,627,1,98.48
clothing,3.3,1484,2,156.54
books,4.6,119,2,38.65
electronics,3.8,649,2,643.46
phone,3.9,4000,3,1372.5
sports,4.0,1886,2,277.11
beauty,4.5,974,3,414.24
toys,4.4,284,2,95.08
clothing,3.5,953,2,206.48
clothing,3.6,239,1,87.77
appliances,3.4,917,1,562.51
appliances,4.1,1587,3,2466.05
electronics,5.0,3239,2,624.66
electronics,3.8,2296,3,636.0
electronics,3.6,43,1,83.94
electronics,4.6,783,2,750.19
clothing,3.2,236,2,158.05
toys,4.6,26,1,42.57
clothing,4.0,148,1,38.77
toys,4.1,1120,2,127.27
electronics,3.8,411,2,715.49
food,4.4,606,3,73.3
books,4.2,2334,3,84.02
books,3.2,2364,3,77.71
electronics,3.8,2028,3,955.73
furniture,3.1,1139,3,2068.48
food,4.3,743,2,54.03
phone,4.2,224,1,209.5
furniture,3.6,1729,2,1012.27
beauty,3.4,1213,2,253.38
food,4.5,720,3,69.76
clothing,3.7,837,2,132.81
furniture,3.9,457,3,1703.71
food,4.4,62,1,12.9
appliances,3.5,918,3,2898.98
beauty,4.1,213,1,52.96
appliances,4.0,909,2,1923.96
toys,4.4,186,1,75.14
phone,3.7,1013,3,1456.58
beauty,4.6,195,1,153.23
sports,4.7,437,3,458.42
appliances,4.8,184,1,872.81
books,5.0,276,1,42.17
phone,4.5,97,1,560.3
food,4.1,88,1,16.92
sports,3.5,362,2,208.02
sports,4.0,313,2,373.91
appliances,3.8,576,2,1396.39
appliances,3.8,1013,2,1342.93
beauty,4.0,587,3,303.07
phone,5.0,132,1,493.46
electronics,4.4,464,2,346.37
electronics,4.9,1412,3,967.18
food,3.1,1731,3,57.14
books,4.1,1984,3,68.65
sports,2.9,1877,2,310.41
appliances,4.5,127,2,1635.07
phone,3.3,1198,3,1053.58
food,4.4,199,2,40.14
sports,4.2,36,1,224.47
food,3.7,334,2,37.17
sports,2.8,2050,3,522.49
furniture,5.0,530,2,911.0
toys,4.2,481,3,158.53
clothing,4.1,118,2,146.73
sports,4.0,251,2,392.71
food,3.9,844,2,50.44
sports,4.2,58,1,124.84
food,3.9,1022,3,55.74
furniture,3.8,568,2,1653.64
sports,3.6,17,1,161.28
food,4.1,109,1,22.85
toys,4.4,502,1,81.07
clothing,3.6,100,1,90.78
electronics,4.6,42,1,351.21
furniture,3.3,154,1,912.11
toys,3.7,594,1,31.85
toys,4.9,4493,3,195.07
electronics,4.6,3465,3,661.54
electronics,3.5,100,2,426.4
furniture,4.1,349,2,846.59
food,4.4,212,1,12.68
appliances,3.6,1762,3,2845.79
appliances,4.8,1320,3,2388.78
clothing,3.4,565,1,23.03
books,4.7,461,1,12.05
phone,3.9,4163,3,1521.24
appliances,3.5,66,1,319.45
furniture,3.0,955,2,1215.08
furniture,3.1,1008,2,1507.99
toys,4.8,64,1,23.75
electronics,4.2,933,2,436.77
electronics,3.4,333,1,167.16
phone,5.0,777,1,253.36
beauty,4.7,1159,3,383.48
sports,4.3,664,1,200.31
furniture,4.2,1555,2,1294.92
food,3.0,296,1,18.49
toys,4.2,531,3,195.79
beauty,4.3,543,2,257.32
furniture,4.7,17,1,426.85
appliances,4.1,773,3,3030.81
furniture,4.2,20,1,299.92
appliances,3.3,348,2,1891.63
food,4.0,1305,2,30.93
beauty,4.8,442,1,37.17
beauty,4.0,179,2,201.45
food,4.1,1123,2,52.23
furniture,3.5,991,3,2387.94
furniture,3.5,157,2,1341.2
phone,4.0,43,1,247.82
books,3.7,654,3,73.32
sports,4.4,467,3,404.15
clothing,3.1,225,2,195.92
electronics,4.8,955,3,743.24
food,4.6,123,2,44.47
books,4.7,2965,3,83.56
clothing,4.0,1061,3,209.48
phone,4.1,191,2,1126.54
furniture,3.7,521,2,1270.93
clothing,4.2,1139,3,236.24
beauty,3.4,86,1,20.27
appliances,2.6,838,2,1747.47
books,4.3,342,2,62.63
clothing,4.4,109,2,123.08
electronics,3.4,80,1,335.12
books,4.4,587,1,9.55
food,5.0,89,1,28.96
toys,3.4,643,2,126.69
appliances,4.3,440,3,2785.22
